{
  "PackageData0" : {
    "Name" : "ABProjectFiles",
    "DisplayName" : "ABProjectFiles",
    "Category" : "LazIDEPlugins",
    "CommunityDescription" : "ABProjectFiles is a little file browser that focuses on the current project management. it allows you to view current project files and perform operations such as, opening, renaming creating and deleting items.",
    "RepositoryFileName" : "ABProjectFiles.zip",
    "RepositoryFileSize" : 4247,
    "RepositoryFileHash" : "366c1bdb510a5e500e5537da4076f62e",
    "RepositoryDate" : 4.4033785490844908E+004,
    "PackageBaseDir" : "ABProjectFiles\\/",
    "HomePageURL" : "http://abdullahi-usman.github.io/ABProjectFiles",
    "DownloadURL" : "https://github.com/abdullahi-usman/ABProjectFiles/releases/download/1.1.1.1/ABProjectFiles.zip",
    "SVNURL" : ""
  },
  "PackageFiles0" : [
    {
      "Name" : "abprojectfiles.lpk",
      "Description" : "ABProjectFiles is a little file browser that focuses on the current project management. it allows you to view current project files and perform operations such as, opening and renaming.\r\n\r\nAfter installation goto: View -> Project Files",
      "Author" : "Abdullahi Usman",
      "License" : "",
      "RelativeFilePath" : "",
      "VersionAsString" : "1.1.1.1",
      "LazCompatibility" : "1.6, 1.8, Trunk",
      "FPCCompatibility" : "2.6.4, 3.0.0, 3.0.2, 3.0.4",
      "SupportedWidgetSet" : "win32/64, gtk2, carbon",
      "PackageType" : 0,
      "DependenciesAsString" : "CodeTools, IDEIntf"
    }
  ]
}