{
  "PackageData0" : {
    "Name" : "ABProjectFiles",
    "DisplayName" : "ABProjectFiles",
    "Category" : "LazIDEPlugins",
    "CommunityDescription" : "ABProjectFiles is a little file browser that focuses on the current project management. it allows you to view current project files and perform operations such as, opening and renaming.\r\n\r\n\r\nAfter installation goto: View -> Project Files\r\nOr as shortcut: CTRL + ALT + P",
    "RepositoryFileName" : "ABProjectFiles.zip",
    "RepositoryFileSize" : 10969,
    "RepositoryFileHash" : "5191306806dbc5d61328fafd1318738a",
    "RepositoryDate" : 4.4401721486504626E+004,
    "PackageBaseDir" : "ABProjectFiles\\/",
    "HomePageURL" : "https://abdullahi-usman.github.io/ABProjectFiles",
    "DownloadURL" : "https://github.com/abdullahi-usman/ABProjectFiles/releases/download/2.4.1.4/ABProjectFiles.zip",
    "SVNURL" : ""
  },
  "PackageFiles0" : [
    {
      "Name" : "abprojectfiles.lpk",
      "Description" : "ABProjectFiles is a little file browser that focuses on the current project management. it allows you to view current project files and perform operations such as, opening and renaming.\r\n\r\nAfter installation goto: View -> Project Files\r\nOr as shortcut: CTRL + ALT + P",
      "Author" : "Abdullahi Usman",
      "License" : "",
      "RelativeFilePath" : "",
      "VersionAsString" : "2.4.1.4",
      "LazCompatibility" : "1.6, 1.8, Trunk",
      "FPCCompatibility" : "2.6.4, 3.0.0, 3.0.2, 3.0.4",
      "SupportedWidgetSet" : "win32/64, gtk2, carbon",
      "PackageType" : 0,
      "DependenciesAsString" : "CodeTools, IDEIntf"
    }
  ]
}