{
  "PackageData0" : {
    "Name" : "ABProjectFiles",
    "DisplayName" : "ABProjectFiles",
    "Category" : "LazIDEPlugins",
    "CommunityDescription" : "ABProjectFiles is a little file browser that focuses on the current project management. it allows you to view current project files and perform operations such as, opening and renaming.",
    "RepositoryFileName" : "ABProjectFiles.zip",
    "RepositoryFileSize" : 5234,
    "RepositoryFileHash" : "89debe2426ee0ce25f77cced263d68e3",
    "RepositoryDate" : 4.4031052776932869E+004,
    "PackageBaseDir" : "ABProjectFiles\\/",
    "HomePageURL" : "https://github.com/abdullahi-usman/ABProjectFiles",
    "DownloadURL" : "https://github.com/abdullahi-usman/ABProjectFiles/blob/master/published/update_ABProjectFiles.json",
    "SVNURL" : ""
  },
  "PackageFiles0" : [
    {
      "Name" : "abprojectfiles.lpk",
      "Description" : "ABProjectFiles is a little file browser that focuses on the current project management. it allows you to view current project files and perform operations such as, opening and renaming.",
      "Author" : "Abdullahi Usman",
      "License" : "",
      "RelativeFilePath" : "",
      "VersionAsString" : "1.0.2.2",
      "LazCompatibility" : "1.6, 1.8, Trunk",
      "FPCCompatibility" : "2.6.4, 3.0.0, 3.0.2, 3.0.4",
      "SupportedWidgetSet" : "win32/64, gtk2, carbon",
      "PackageType" : 0,
      "DependenciesAsString" : "CodeTools, IDEIntf"
    }
  ]
}